{
  "roc_auc": 0.7668181347206772,
  "accuracy": 0.7112177867609903,
  "f1_score": 0.6198869304955105,
  "confusion_matrix": [
    [
      1883,
      595
    ],
    [
      548,
      932
    ]
  ],
  "best_params": {
    "colsample_bytree": 0.9,
    "learning_rate": 0.1,
    "max_depth": -1,
    "n_estimators": 200,
    "num_leaves": 63,
    "subsample": 0.7
  }
}