{
    "train": {
        "roc_auc": 0.541374886308353,
        "pr_auc": 0.48633424394985736,
        "accuracy": 0.4906127376999698,
        "sober_accuracy": 0.07028657616892911,
        "drunk_accuracy": 0.9716073354908307,
        "f1": 0.6401603457098993,
        "threshold": 0.34
    },
    "test": {
        "roc_auc": 0.6362997420006169,
        "pr_auc": 0.3965582943462811,
        "accuracy": 0.34911838790931987,
        "sober_accuracy": 0.05103550295857988,
        "drunk_accuracy": 0.985781990521327,
        "f1": 0.49133858267716535,
        "threshold": 0.34
    },
    "config": {
        "device": "mps",
        "window_size": 1,
        "ngrams": 7,
        "hdc_dimension": 5000,
        "batch_size": 64,
        "learning_rate": 2,
        "epochs": 7,
        "patience": 7,
        "overlap_ratio": 0.5,
        "runtime_log_fld": "results/HDC_statistical_v2/20250407_201942"
    }
}