{
  "roc_auc": 0.7347583055210174,
  "accuracy": 0.6993431025770591,
  "f1_score": 0.5974289580514208,
  "confusion_matrix": [
    [
      1885,
      593
    ],
    [
      597,
      883
    ]
  ],
  "best_params": {
    "alpha": 0.0001,
    "hidden_layer_sizes": [
      128,
      64
    ],
    "learning_rate_init": 0.001
  }
}