{
    "train": {
        "roc_auc": 0.7109312022389482,
        "pr_auc": 0.8197584189413867,
        "accuracy": 0.7454502074413796,
        "sober_accuracy": 0.9210638380240795,
        "drunk_accuracy": 0.36394600731676546,
        "f1": 0.8320917707131116,
        "threshold": 0.31
    },
    "test": {
        "roc_auc": 0.740334933883321,
        "pr_auc": 0.7632007160323786,
        "accuracy": 0.7769075290550783,
        "sober_accuracy": 0.8850289495450786,
        "drunk_accuracy": 0.6071428571428571,
        "f1": 0.8289754018981212,
        "threshold": 0.31
    },
    "config": {
        "device": "mps",
        "window_size": 800,
        "ngrams": 7,
        "hdc_dimension": 5000,
        "batch_size": 64,
        "learning_rate": 2,
        "epochs": 7,
        "patience": 7,
        "overlap_ratio": 0.5,
        "runtime_log_fld": "results/HDC_balanced_UNDERSAMPLING_TWEAKED/20250423_011207"
    }
}