{
  "roc_auc": 0.7567050858364418,
  "accuracy": 0.6955533097524002,
  "f1_score": 0.624259432491425,
  "confusion_matrix": [
    [
      1752,
      726
    ],
    [
      479,
      1001
    ]
  ]
}