{
    "train": {
        "roc_auc": 0.6451654276514356,
        "pr_auc": 0.6579677185769016,
        "accuracy": 0.5341583660328001,
        "sober_accuracy": 0.001855447680690399,
        "drunk_accuracy": 0.9993212669683258,
        "f1": 0.6960107151298685,
        "threshold": 0.01
    },
    "test": {
        "roc_auc": 0.5782342896876778,
        "pr_auc": 0.7436440109447491,
        "accuracy": 0.6659949622166247,
        "sober_accuracy": 0.0,
        "drunk_accuracy": 0.999244142101285,
        "f1": 0.7995161778046568,
        "threshold": 0.01
    },
    "config": {
        "device": "mps",
        "window_size": 1,
        "ngrams": 7,
        "hdc_dimension": 5000,
        "batch_size": 64,
        "learning_rate": 2,
        "epochs": 10,
        "patience": 10,
        "overlap_ratio": 0.5,
        "runtime_log_fld": "results/HDC_statistical_v2/20250407_185243"
    }
}