{
    "train": {
        "roc_auc": 0.7123166877445175,
        "pr_auc": 0.5507756202116145,
        "accuracy": 0.6575422724238006,
        "sober_accuracy": 0.027525066780225312,
        "drunk_accuracy": 0.9997056473655439,
        "f1": 0.0535472209670131,
        "threshold": 0.99
    },
    "test": {
        "roc_auc": 0.7391307617114068,
        "pr_auc": 0.7617817214150577,
        "accuracy": 0.3890853966649823,
        "sober_accuracy": 0.0,
        "drunk_accuracy": 1.0,
        "f1": 0.0,
        "threshold": 0.99
    },
    "config": {
        "device": "mps",
        "window_size": 800,
        "ngrams": 7,
        "hdc_dimension": 5000,
        "batch_size": 64,
        "learning_rate": 2,
        "epochs": 8,
        "patience": 8,
        "overlap_ratio": 0.5,
        "runtime_log_fld": "results/HDC_balanced_UNDERSAMPLING_TWEAKED/20250425_115731"
    }
}